{
  "project_info": {
    "project_number": "115980911085",
    "firebase_url": "https://driverlicense-project-default-rtdb.firebaseio.com",
    "project_id": "driverlicense-project",
    "storage_bucket": "driverlicense-project.appspot.com"
  },
  "client": [
    {
      "client_info": {
        "mobilesdk_app_id": "1:115980911085:android:cb989cdccec82c73d7e7e4",
        "android_client_info": {
          "package_name": "com.project.dtbsmobile"
        }
      },
      "oauth_client": [
        {
          "client_id": "115980911085-g981a4ct8oribs291rtcje8akf6k3aeh.apps.googleusercontent.com",
          "client_type": 1,
          "android_info": {
            "package_name": "com.project.dtbsmobile",
            "certificate_hash": "451e1cee574b69752d252f175b5d24b33425bc1d"
          }
        },
        {
          "client_id": "115980911085-ak0276tj0fmk2lt2t6ln39npi5fo1qi0.apps.googleusercontent.com",
          "client_type": 3
        }
      ],
      "api_key": [
        {
          "current_key": "AIzaSyDLv5Rc3_zz2CnuUcaDGPXsyPDG5Elv1aI"
        }
      ],
      "services": {
        "appinvite_service": {
          "other_platform_oauth_client": [
            {
              "client_id": "115980911085-ak0276tj0fmk2lt2t6ln39npi5fo1qi0.apps.googleusercontent.com",
              "client_type": 3
            }
          ]
        }
      }
    }
  ],
  "configuration_version": "1"
}